lake,value
planck,0
t1,0
t2,0
t3,0
t4,0
n1,0
n2,0
n3,0
n4,0
b1,0
b2,0
b3,0
chem,0.2488547
mat,3.634113
frb,0
closure,7.202531
