lake,value
planck,3.634113
t1,3.825806
t2,3.613062
t3,3.727366
t4,3.650845
n1,3.673832
n2,3.674376
n3,3.809478
n4,3.650845
b1,3.915631
b2,4.238774
b3,3.915631
chem,3.392721
frb,3.837727
closure,3.568417
