lake,value
planck,0.000000e+00
t1,0.000000e+00
t2,0.000000e+00
t3,0.000000e+00
t4,0.000000e+00
n1,0.000000e+00
n2,0.000000e+00
n3,0.000000e+00
n4,0.000000e+00
b1,0.000000e+00
b2,0.000000e+00
b3,0.000000e+00
frb,0.000000e+00
