lake,value
t4_origin,0
n4_origin,0
t4_chem,0.2772293
n4_chem,0.2772293
t4_mat,3.650845
n4_mat,3.650845
t4_closure,7.202531
n4_closure,7.202531
